01ke4644.copc.laz,Qma8noDqgtAg2c5SC8QrHHDpsFi8y5aHdqU7hfAMmVPtaa
01ke4731.copc.laz,QmRgfnwXi1v9He6Eit9ys61d9Z9ntfS7QdHMASjHH7XF8t
01ke4733.copc.laz,QmcMCuje7V1FEEduAiJ4d8nFgUCQfwxyJsPyvMNWXFd31Y
01ke4734.copc.laz,QmZrNWLCDHnbKcwqEtRwYF9mddyUNB1sTrAKBK3iXmRqSQ
01ke4743.copc.laz,QmYZRrBJrQ7QJSZhBGTFgsJgMR9vaDATeFaf5DdJtrQNaf
01ke5622.copc.laz,QmdhdNSCARAMJsAZLhFyrcjNJcNxKCNfnqCsyLNZaQShD3
01ke5624.copc.laz,QmQMt4H17Z1JsXcGrj5VdGmWgk12TaKmyA7xaKKEFJzPYT
01ke5711.copc.laz,QmXFNBrw3orTGZpQnnSKaUSd26b9wQWBwBpYRuF7cCxqfs
01ke5712.copc.laz,Qmd5n2oqHs5CsECYYv18hmQyZNNFQVmGUxRs3MEdBnffEm
01ke5713.copc.laz,QmYsShiUq9a7RqnQ5kNTbboZjPndtti9mFpQfQSNoQTEKv
01ke5714.copc.laz,QmTJEMHsqMW82NegJAqR5Q9HykyaKkKEBqEwfyRJbhSweh
01ke5721.copc.laz,QmYs5GRx3YZw8ir3FikbvZn1BGPvU4H8khwgv5yMwSCbRj
01ke5723.copc.laz,QmdLafwmWyccWqzR394nD9SfHMerqhonRDES5HPFqBau4m
01ke5724.copc.laz,QmSyXoomKDx2Qq1LX6EQjL4YGtowRZyi7swcqGqWGmnmWL
01ke5731.copc.laz,QmPehgLAvaw2qv8fYJ4bszxHUCK7TqVGqguc3wLEHrJFgM
01ke5732.copc.laz,Qmc4rKYAphk1KoeKiHWpJBT4QG7CbVCk6YMDjrxJbeS4Em
01ke5733.copc.laz,QmPSfYomRVEZFtRcSX6R8DyZqQsR5QpiEdJbR5NW9NKLxU
01ke5734.copc.laz,QmNR8iFpjDeXK8nBicoAhUSRBUfZEL9TTP96ahASLbXQUS
01ke5741.copc.laz,QmazXWj3Jet8am16X3m311UtL97gdEQsZh91C7WGevyGa4
01ke5742.copc.laz,QmNehFHe1Cm6RAjqyKSmn3QLfJNZq4aVnESckUSwYqVrJV
01ke5743.copc.laz,QmdQMcQKwsSALHh1dVvHTq35khxYdxCRArpetgL9ogAGph
01ke5744.copc.laz,QmTRPWat5ncWnwnBdBJbxJ6PqeYf1Twkd9H1BLLRnBfEzT
01ke5811.copc.laz,QmQqYuLZqDwKG239RgY8BZcgxzhyF4kNCDr8T5NKHBNUDQ
01ke5812.copc.laz,QmVddeJFUoFewsyDVb3MzsR2MWiG5MPnzqBpCmAWT9Y4Lo
01ke5813.copc.laz,QmT8mY9y3hs2FExSANtzvPLM3cLoMvkrFo4nt2hn6Ls16Q
01ke5814.copc.laz,Qmews4v1Lo24E6mT6E98Qg7tj1zoR6WHUHzSdCKD6ebx5u
01ke5831.copc.laz,QmV5zUNDsyXbeLq3ruTjMsC7NTQ2RDD9CFWzvbgfXt6we9
01ke5832.copc.laz,QmZxbBaawgcLyfHrKaipx77VPbjfsKD1YU1UTmqU5mgS28
01ke5833.copc.laz,QmcUYvBX4d43wV919cBQLaJ6hFGrEgZpr2tAoo78uGAYwk
01ke5834.copc.laz,QmP7LuUs7UTqz6kAiH4bU6tbjJZhDooaoyFhM1HNaAeQW8
01ke5843.copc.laz,QmVUK6Ec2EoASi7v7Ph9gn6ESswSQ1kC9pbbTKHq9FsRcd
01ke6711.copc.laz,QmQmHLR5K29KGraD2LtLBtvPgpiUi4Uq6CP45vGPhywWxf
01ke6712.copc.laz,QmcWhTgYA9qE9gvV4pwb4HvEDB2tEDRG1KnFRAXG2xRJKy
01ke6714.copc.laz,QmT4SJKSSzCLcuZsVC2zHrZeXWHE7gRwKHtV9HMktDLxcW
01ke6721.copc.laz,QmWT8Tj853XfBqRC5ECaa2394dPN6ECZz2iWW4Ls3YL8Gz
01ke6722.copc.laz,QmUMHHViHscNPrgj9iRJFRUtd8mDRY3C9YabHK1nCLi8k3
01ke6723.copc.laz,QmQhqVtaXh4ixdNt7Y9skPAWoQYfeNqx6DA3tzoyY6WyGJ
01ke6724.copc.laz,QmSZvcpPRu7Fjeki3s4p6vksVcmdHznDBExgetaLFiMv7P
01ke6732.copc.laz,QmcXySFWfayWdH2hSxGRRfcoXVPm6S6R4syDgEHrE4yEdD
01ke6734.copc.laz,Qmb8r3yt4MxarSSpRzfdkbnWSTRkghEPAh1kJZmfD7ryfT
01ke6741.copc.laz,QmPQaoFvmgwm9jSiQQVtKzoFXW4RYewvemip44PKTpBUjw
01ke6742.copc.laz,QmSjpsMRGLzpfN73rCf8U7N38E5AjyovQXhTrbz1ite4UG
01ke6743.copc.laz,QmdCuGPKyQ1bR1Eosv294bFg4rUH4tKRu3EboDPL9rpg5N
01ke6744.copc.laz,QmcZjm8AQJ7HLJQDDxLpAXyRFAjSQacwwN7uiywTwhQ3Ek
01ke6811.copc.laz,QmUv4PU8D4ScTwqYsEKNW6iEJdpVzpUrheWx3KTc8HRz5r
01ke6812.copc.laz,QmU9bV4dEug1uC1AAS3aLqZ4vDz1M2m7k2kCiwqp6Ukn1q
